RouteNumber,RouteDocId,StopIndex,StopName,ScheduledTime,Status,Confidence,Source,FlagReason,Lat,Lng,MatchedAddress,GoogleMapsUrl,Candidate2,Candidate3
1,route_01,1,"THIRUVOTTIYUR",06:05,ok,0.98,canonical_cache,"",13.1602,80.3024,"THIRUVOTTIYUR, Chennai, Tamil Nadu",https://www.google.com/maps?q=13.1602,80.3024,,
1,route_01,2,"N-4",06:10,ok,0.98,canonical_cache,"",13.118,80.2965,"N-4, Chennai, Tamil Nadu",https://www.google.com/maps?q=13.118,80.2965,,
1,route_01,3,"KASIMEDU SIGNAL",06:15,ok,0.98,canonical_cache,"",13.125,80.298,"KASIMEDU SIGNAL, Chennai, Tamil Nadu",https://www.google.com/maps?q=13.125,80.298,,
2,route_02,1,"PURASAIWALKAM TANK",06:10,ok,0.98,canonical_cache,"",13.0898,80.257,"PURASAIWALKAM TANK, Chennai, Tamil Nadu",https://www.google.com/maps?q=13.0898,80.257,,
2,route_02,2,"GENGU REDDY SUB WAY",06:15,ok,0.98,canonical_cache,"",13.0782,80.2523,"GENGU REDDY SUB WAY, Chennai, Tamil Nadu",https://www.google.com/maps?q=13.0782,80.2523,,
2,route_02,3,"CHETPET",06:20,ok,0.98,canonical_cache,"",13.0718,80.2415,"CHETPET, Chennai, Tamil Nadu",https://www.google.com/maps?q=13.0718,80.2415,,
2,route_02,4,"VALLUVAR KOTTAM",06:30,ok,0.98,canonical_cache,"",13.0539,80.2415,"VALLUVAR KOTTAM, Chennai, Tamil Nadu",https://www.google.com/maps?q=13.0539,80.2415,,
3,route_03,1,"PARRYS CORNER",06:15,ok,0.98,canonical_cache,"",13.0887,80.2882,"PARRYS CORNER, Chennai, Tamil Nadu",https://www.google.com/maps?q=13.0887,80.2882,,
3,route_03,2,"KANNAGI STATUE",06:20,ok,0.98,canonical_cache,"",13.0601,80.2828,"KANNAGI STATUE, Chennai, Tamil Nadu",https://www.google.com/maps?q=13.0601,80.2828,,
3,route_03,3,"LIGHT HOUSE",06:23,ok,0.98,canonical_cache,"",13.0398,80.2785,"LIGHT HOUSE, Chennai, Tamil Nadu",https://www.google.com/maps?q=13.0398,80.2785,,
3,route_03,4,"ALL INDIA RADIO",06:25,ok,0.98,canonical_cache,"",13.035,80.277,"ALL INDIA RADIO, Chennai, Tamil Nadu",https://www.google.com/maps?q=13.035,80.277,,
3,route_03,5,"MRC NAGAR",06:35,ok,0.98,canonical_cache,"",13.018,80.275,"MRC NAGAR, Chennai, Tamil Nadu",https://www.google.com/maps?q=13.018,80.275,,
3,route_03,6,"SRP TOOLS",06:40,ok,0.98,canonical_cache,"",12.9791,80.2526,"SRP TOOLS, Chennai, Tamil Nadu",https://www.google.com/maps?q=12.9791,80.2526,,
3,route_03,7,"KANDANCHAVADI",06:45,ok,0.98,canonical_cache,"",12.9666,80.2478,"KANDANCHAVADI, Chennai, Tamil Nadu",https://www.google.com/maps?q=12.9666,80.2478,,
4,route_04,1,"KALPAKKAM",06:25,ok,0.98,canonical_cache,"",12.553,80.161,"KALPAKKAM, Chennai, Tamil Nadu",https://www.google.com/maps?q=12.553,80.161,,
4,route_04,2,"ANUPURAM",06:30,ok,0.98,canonical_cache,"",12.569,80.125,"ANUPURAM, Chennai, Tamil Nadu",https://www.google.com/maps?q=12.569,80.125,,
4,route_04,3,"MAHABALIPURAM KOOT ROAD(POONCHERY)",06:40,ok,0.98,canonical_cache,"",12.618,80.179,"MAHABALIPURAM KOOT ROAD(POONCHERY), Chennai, Tamil Nadu",https://www.google.com/maps?q=12.618,80.179,,
4,route_04,4,"THANDALAM",06:45,ok,0.98,canonical_cache,"",12.671,80.17,"THANDALAM, Chennai, Tamil Nadu",https://www.google.com/maps?q=12.671,80.17,,
4,route_04,5,"THIRUPORUR",06:55,ok,0.98,canonical_cache,"",12.724,80.187,"THIRUPORUR, Chennai, Tamil Nadu",https://www.google.com/maps?q=12.724,80.187,,
5,route_05,1,"NELSON MANICKAM ROAD",06:15,ok,0.98,canonical_cache,"",13.065,80.224,"NELSON MANICKAM ROAD, Chennai, Tamil Nadu",https://www.google.com/maps?q=13.065,80.224,,
5,route_05,2,"POTHYS(T.NAGAR)",06:25,ok,0.98,canonical_cache,"",13.0405,80.2335,"POTHYS(T.NAGAR), Chennai, Tamil Nadu",https://www.google.com/maps?q=13.0405,80.2335,,
6,route_06,1,"SANTHOME",06:30,ok,0.98,canonical_cache,"",13.0335,80.278,"SANTHOME, Chennai, Tamil Nadu",https://www.google.com/maps?q=13.0335,80.278,,
6,route_06,2,"PATINAPAKKAM",06:35,ok,0.98,canonical_cache,"",13.027,80.277,"PATINAPAKKAM, Chennai, Tamil Nadu",https://www.google.com/maps?q=13.027,80.277,,
6,route_06,3,"SATHYA STUDIOS",06:45,ok,0.98,canonical_cache,"",13.022,80.26,"SATHYA STUDIOS, Chennai, Tamil Nadu",https://www.google.com/maps?q=13.022,80.26,,
6,route_06,4,"NEELANGARAI",06:50,ok,0.98,canonical_cache,"",12.949,80.257,"NEELANGARAI, Chennai, Tamil Nadu",https://www.google.com/maps?q=12.949,80.257,,
6,route_06,5,"INJAMBAKKAM",06:55,ok,0.98,canonical_cache,"",12.92,80.251,"INJAMBAKKAM, Chennai, Tamil Nadu",https://www.google.com/maps?q=12.92,80.251,,
7,route_07,1,"TRIPLICANE",06:25,ok,0.98,canonical_cache,"",13.0587,80.2757,"TRIPLICANE, Chennai, Tamil Nadu",https://www.google.com/maps?q=13.0587,80.2757,,
7,route_07,2,"ROYAPETTAH",06:30,ok,0.98,canonical_cache,"",13.054,80.262,"ROYAPETTAH, Chennai, Tamil Nadu",https://www.google.com/maps?q=13.054,80.262,,
8,route_08,1,"BESANT NAGAR BUS STAND",06:30,ok,0.98,canonical_cache,"",13.0006,80.2658,"BESANT NAGAR BUS STAND, Chennai, Tamil Nadu",https://www.google.com/maps?q=13.0006,80.2658,,
8,route_08,2,"VANNANTHURAI BUS STAND",06:40,ok,0.98,canonical_cache,"",12.993,80.26,"VANNANTHURAI BUS STAND, Chennai, Tamil Nadu",https://www.google.com/maps?q=12.993,80.26,,
8,route_08,3,"VETTUVANKENI CHRUCH",06:50,ok,0.98,canonical_cache,"",12.935,80.254,"VETTUVANKENI CHRUCH, Chennai, Tamil Nadu",https://www.google.com/maps?q=12.935,80.254,,
8,route_08,4,"AKKARI",07:00,ok,0.98,canonical_cache,"",12.905,80.248,"AKKARI, Chennai, Tamil Nadu",https://www.google.com/maps?q=12.905,80.248,,
9,route_09,1,"MANDAVELI",06:25,ok,0.98,canonical_cache,"",13.028,80.261,"MANDAVELI, Chennai, Tamil Nadu",https://www.google.com/maps?q=13.028,80.261,,
9,route_09,2,"KALIYAPPA HOSPITAL",06:30,ok,0.98,canonical_cache,"",13.031,80.255,"KALIYAPPA HOSPITAL, Chennai, Tamil Nadu",https://www.google.com/maps?q=13.031,80.255,,
9,route_09,3,"MOOPANAR BRIDGE",06:35,ok,0.98,canonical_cache,"",13.03,80.245,"MOOPANAR BRIDGE, Chennai, Tamil Nadu",https://www.google.com/maps?q=13.03,80.245,,
10,route_10,1,"MADHYAKAILASH",06:30,ok,0.98,canonical_cache,"",13.007,80.248,"MADHYAKAILASH, Chennai, Tamil Nadu",https://www.google.com/maps?q=13.007,80.248,,
10,route_10,2,"MADIPAKKAM KOOT ROAD",06:45,ok,0.98,canonical_cache,"",12.968,80.198,"MADIPAKKAM KOOT ROAD, Chennai, Tamil Nadu",https://www.google.com/maps?q=12.968,80.198,,
11,route_11,1,"POWER HOUSE",06:25,ok,0.98,canonical_cache,"",13.052,80.222,"POWER HOUSE, Chennai, Tamil Nadu",https://www.google.com/maps?q=13.052,80.222,,
11,route_11,2,"SAMIYAR MADAM",06:30,ok,0.98,canonical_cache,"",13.05,80.225,"SAMIYAR MADAM, Chennai, Tamil Nadu",https://www.google.com/maps?q=13.05,80.225,,
11,route_11,3,"WEST MAMBALAM",06:35,ok,0.98,canonical_cache,"",13.037,80.224,"WEST MAMBALAM, Chennai, Tamil Nadu",https://www.google.com/maps?q=13.037,80.224,,
13,route_13,1,"KUTCHERY ROAD",06:15,ok,0.98,canonical_cache,"",13.034,80.268,"KUTCHERY ROAD, Chennai, Tamil Nadu",https://www.google.com/maps?q=13.034,80.268,,
13,route_13,2,"LUZ",06:20,ok,0.98,canonical_cache,"",13.038,80.265,"LUZ, Chennai, Tamil Nadu",https://www.google.com/maps?q=13.038,80.265,,
13,route_13,3,"MYLAPORE TANK",06:25,ok,0.98,canonical_cache,"",13.033,80.27,"MYLAPORE TANK, Chennai, Tamil Nadu",https://www.google.com/maps?q=13.033,80.27,,
13,route_13,4,"MANDAVELI BSNL OFFICE",06:30,ok,0.98,canonical_cache,"",13.026,80.262,"MANDAVELI BSNL OFFICE, Chennai, Tamil Nadu",https://www.google.com/maps?q=13.026,80.262,,
13,route_13,5,"TANSI NAGAR",06:45,ok,0.98,canonical_cache,"",12.986,80.224,"TANSI NAGAR, Chennai, Tamil Nadu",https://www.google.com/maps?q=12.986,80.224,,
14,route_14,1,"ADYAR AAVIN",06:30,ok,0.98,canonical_cache,"",13.006,80.255,"ADYAR AAVIN, Chennai, Tamil Nadu",https://www.google.com/maps?q=13.006,80.255,,
14,route_14,2,"ADYAR TELEPHONE EXCHANGE",06:35,ok,0.98,canonical_cache,"",13.001,80.257,"ADYAR TELEPHONE EXCHANGE, Chennai, Tamil Nadu",https://www.google.com/maps?q=13.001,80.257,,
14,route_14,3,"PTC QUARTERS",06:40,ok,0.98,canonical_cache,"",12.989,80.248,"PTC QUARTERS, Chennai, Tamil Nadu",https://www.google.com/maps?q=12.989,80.248,,
15,route_15,1,"KOTTURPURAM",06:20,ok,0.98,canonical_cache,"",13.0186,80.252,"KOTTURPURAM, Chennai, Tamil Nadu",https://www.google.com/maps?q=13.0186,80.252,,
15,route_15,2,"THORAIPAKKAM",06:35,ok,0.98,canonical_cache,"",12.943,80.237,"THORAIPAKKAM, Chennai, Tamil Nadu",https://www.google.com/maps?q=12.943,80.237,,
15,route_15,3,"KARAPAKKAM",06:40,ok,0.98,canonical_cache,"",12.9266,80.2308,"KARAPAKKAM, Chennai, Tamil Nadu",https://www.google.com/maps?q=12.9266,80.2308,,
17,route_17,1,"DEVAR STATUE (NANDANAM JUNCTION)",06:40,ok,0.98,canonical_cache,"",13.031,80.241,"DEVAR STATUE (NANDANAM JUNCTION), Chennai, Tamil Nadu",https://www.google.com/maps?q=13.031,80.241,,
17,route_17,2,"VELACHERY VIJAYANAGAR",06:55,ok,0.98,canonical_cache,"",12.9723,80.2212,"VELACHERY VIJAYANAGAR, Chennai, Tamil Nadu",https://www.google.com/maps?q=12.9723,80.2212,,
18,route_18,1,"GANDHIMANDAPAM",06:45,ok,0.98,canonical_cache,"",13.011,80.236,"GANDHIMANDAPAM, Chennai, Tamil Nadu",https://www.google.com/maps?q=13.011,80.236,,
18,route_18,2,"GUINDY RACE COURCE",06:50,ok,0.98,canonical_cache,"",12.998,80.218,"GUINDY RACE COURCE, Chennai, Tamil Nadu",https://www.google.com/maps?q=12.998,80.218,,
18,route_18,3,"NGO COLONY",06:55,ok,0.98,canonical_cache,"",12.985,80.205,"NGO COLONY, Chennai, Tamil Nadu",https://www.google.com/maps?q=12.985,80.205,,
19,route_19,1,"AYODHYA MANDAPAM",06:30,ok,0.98,canonical_cache,"",13.038,80.221,"AYODHYA MANDAPAM, Chennai, Tamil Nadu",https://www.google.com/maps?q=13.038,80.221,,
19,route_19,2,"VELACHERY RAILWAY STATION",06:50,ok,0.98,canonical_cache,"",12.9784,80.2185,"VELACHERY RAILWAY STATION, Chennai, Tamil Nadu",https://www.google.com/maps?q=12.9784,80.2185,,
19,route_19,3,"PALLIKARANAI SIVAN KOIL",07:00,ok,0.98,canonical_cache,"",12.935,80.214,"PALLIKARANAI SIVAN KOIL, Chennai, Tamil Nadu",https://www.google.com/maps?q=12.935,80.214,,
20,route_20,1,"PERUNGUDI",06:45,ok,0.98,canonical_cache,"",12.9651,80.2466,"PERUNGUDI, Chennai, Tamil Nadu",https://www.google.com/maps?q=12.9651,80.2466,,
20,route_20,2,"RADIANCE APT.",06:50,ok,0.98,canonical_cache,"",12.955,80.225,"RADIANCE APT., Chennai, Tamil Nadu",https://www.google.com/maps?q=12.955,80.225,,
20,route_20,3,"KAMATCHI HOSPITAL",06:55,ok,0.98,canonical_cache,"",12.948,80.215,"KAMATCHI HOSPITAL, Chennai, Tamil Nadu",https://www.google.com/maps?q=12.948,80.215,,
20,route_20,4,"S KOLATHUR",07:00,ok,0.98,canonical_cache,"",12.942,80.201,"S KOLATHUR, Chennai, Tamil Nadu",https://www.google.com/maps?q=12.942,80.201,,
23,route_23,1,"VGP",07:00,ok,0.98,canonical_cache,"",12.909,80.246,"VGP, Chennai, Tamil Nadu",https://www.google.com/maps?q=12.909,80.246,,
23,route_23,2,"PERUMBAKKAM",07:15,ok,0.98,canonical_cache,"",12.904,80.198,"PERUMBAKKAM, Chennai, Tamil Nadu",https://www.google.com/maps?q=12.904,80.198,,
23,route_23,3,"MEDAVAKKAM",07:20,ok,0.98,canonical_cache,"",12.9215,80.1936,"MEDAVAKKAM, Chennai, Tamil Nadu",https://www.google.com/maps?q=12.9215,80.1936,,
25,route_25,1,"RAM NAGAR",06:35,ok,0.98,canonical_cache,"",12.968,80.201,"RAM NAGAR, Chennai, Tamil Nadu",https://www.google.com/maps?q=12.968,80.201,,
25,route_25,2,"UTI BANK",06:45,ok,0.98,canonical_cache,"",12.962,80.195,"UTI BANK, Chennai, Tamil Nadu",https://www.google.com/maps?q=12.962,80.195,,
30,route_30,1,"PERAMBUR RAILWAY STATION",06:10,ok,0.98,canonical_cache,"",13.1143,80.2416,"PERAMBUR RAILWAY STATION, Chennai, Tamil Nadu",https://www.google.com/maps?q=13.1143,80.2416,,
30,route_30,2,"PERAMBUR CHURCH",06:15,ok,0.98,canonical_cache,"",13.111,80.238,"PERAMBUR CHURCH, Chennai, Tamil Nadu",https://www.google.com/maps?q=13.111,80.238,,
30,route_30,3,"KOLATHUR JUNCTION NEAR VINAYGAR TEMPLE",06:25,ok,0.98,canonical_cache,"",13.118,80.212,"KOLATHUR JUNCTION NEAR VINAYGAR TEMPLE, Chennai, Tamil Nadu",https://www.google.com/maps?q=13.118,80.212,,
31,route_31,1,"MANALI NEW TOWN",06:00,ok,0.98,canonical_cache,"",13.203,80.278,"MANALI NEW TOWN, Chennai, Tamil Nadu",https://www.google.com/maps?q=13.203,80.278,,
31,route_31,2,"MANALI MARKET",06:15,ok,0.98,canonical_cache,"",13.17,80.26,"MANALI MARKET, Chennai, Tamil Nadu",https://www.google.com/maps?q=13.17,80.26,,
31,route_31,3,"MATHUR",06:20,ok,0.98,canonical_cache,"",13.165,80.245,"MATHUR, Chennai, Tamil Nadu",https://www.google.com/maps?q=13.165,80.245,,
31,route_31,4,"MILK COLONY",06:25,ok,0.98,canonical_cache,"",13.155,80.24,"MILK COLONY, Chennai, Tamil Nadu",https://www.google.com/maps?q=13.155,80.24,,
31,route_31,5,"ARUL NAGAR",06:30,ok,0.98,canonical_cache,"",13.148,80.235,"ARUL NAGAR, Chennai, Tamil Nadu",https://www.google.com/maps?q=13.148,80.235,,
31,route_31,6,"POST OFFICE",06:35,ok,0.98,canonical_cache,"",13.14,80.23,"POST OFFICE, Chennai, Tamil Nadu",https://www.google.com/maps?q=13.14,80.23,,
32,route_32,1,"REDHILLS",06:05,ok,0.98,canonical_cache,"",13.198,80.196,"REDHILLS, Chennai, Tamil Nadu",https://www.google.com/maps?q=13.198,80.196,,
32,route_32,2,"KAVANKARAI",06:10,ok,0.98,canonical_cache,"",13.185,80.188,"KAVANKARAI, Chennai, Tamil Nadu",https://www.google.com/maps?q=13.185,80.188,,
32,route_32,3,"PUZHAL CAMP",06:15,ok,0.98,canonical_cache,"",13.168,80.185,"PUZHAL CAMP, Chennai, Tamil Nadu",https://www.google.com/maps?q=13.168,80.185,,
32,route_32,4,"KALIKUPPAM",06:25,ok,0.98,canonical_cache,"",13.145,80.178,"KALIKUPPAM, Chennai, Tamil Nadu",https://www.google.com/maps?q=13.145,80.178,,
32,route_32,5,"PUDHUR",06:30,ok,0.98,canonical_cache,"",13.135,80.168,"PUDHUR, Chennai, Tamil Nadu",https://www.google.com/maps?q=13.135,80.168,,
33,route_33,1,"PADI EAST AVENUE",06:10,ok,0.98,canonical_cache,"",13.098,80.182,"PADI EAST AVENUE, Chennai, Tamil Nadu",https://www.google.com/maps?q=13.098,80.182,,
33,route_33,2,"MANIKANDAPURAM BUS STAND",06:20,ok,0.98,canonical_cache,"",13.108,80.168,"MANIKANDAPURAM BUS STAND, Chennai, Tamil Nadu",https://www.google.com/maps?q=13.108,80.168,,
33,route_33,3,"AMBATTUR OT",06:30,ok,0.98,canonical_cache,"",13.1189,80.1506,"AMBATTUR OT, Chennai, Tamil Nadu",https://www.google.com/maps?q=13.1189,80.1506,,
33,route_33,4,"AVADI CHECKPOST",06:40,ok,0.98,canonical_cache,"",13.115,80.105,"AVADI CHECKPOST, Chennai, Tamil Nadu",https://www.google.com/maps?q=13.115,80.105,,
34,route_34,1,"THIRUVALLUR BUS STAND",06:05,ok,0.98,canonical_cache,"",13.143,79.91,"THIRUVALLUR BUS STAND, Chennai, Tamil Nadu",https://www.google.com/maps?q=13.143,79.91,,
34,route_34,2,"PUTTLUR",06:20,ok,0.98,canonical_cache,"",13.135,79.94,"PUTTLUR, Chennai, Tamil Nadu",https://www.google.com/maps?q=13.135,79.94,,
34,route_34,3,"SEVAPATET",06:25,ok,0.98,canonical_cache,"",13.125,79.97,"SEVAPATET, Chennai, Tamil Nadu",https://www.google.com/maps?q=13.125,79.97,,
35,route_35,1,"AYANAVARAM",06:15,ok,0.98,canonical_cache,"",13.098,80.233,"AYANAVARAM, Chennai, Tamil Nadu",https://www.google.com/maps?q=13.098,80.233,,
35,route_35,2,"ESI HOSPITAL",06:18,ok,0.98,canonical_cache,"",13.095,80.236,"ESI HOSPITAL, Chennai, Tamil Nadu",https://www.google.com/maps?q=13.095,80.236,,
35,route_35,3,"MEDAVAKKAM TANK ROAD",06:20,ok,0.98,canonical_cache,"",13.092,80.242,"MEDAVAKKAM TANK ROAD, Chennai, Tamil Nadu",https://www.google.com/maps?q=13.092,80.242,,
35,route_35,4,"SECRETARIAT COLONY",06:23,ok,0.98,canonical_cache,"",13.088,80.245,"SECRETARIAT COLONY, Chennai, Tamil Nadu",https://www.google.com/maps?q=13.088,80.245,,
35,route_35,5,"KELLYS",06:25,ok,0.98,canonical_cache,"",13.082,80.248,"KELLYS, Chennai, Tamil Nadu",https://www.google.com/maps?q=13.082,80.248,,
35,route_35,6,"MUMMY DADY BUS STAND",06:28,ok,0.98,canonical_cache,"",13.08,80.242,"MUMMY DADY BUS STAND, Chennai, Tamil Nadu",https://www.google.com/maps?q=13.08,80.242,,
35,route_35,7,"KILPAUK GARDEN",06:30,ok,0.98,canonical_cache,"",13.082,80.235,"KILPAUK GARDEN, Chennai, Tamil Nadu",https://www.google.com/maps?q=13.082,80.235,,
36,route_36,1,"DAGAC (AMBEDKAR COLLEGE)",06:15,ok,0.98,canonical_cache,"",13.118,80.26,"DAGAC (AMBEDKAR COLLEGE), Chennai, Tamil Nadu",https://www.google.com/maps?q=13.118,80.26,,
36,route_36,2,"SHARMA NAGAR",06:20,ok,0.98,canonical_cache,"",13.122,80.265,"SHARMA NAGAR, Chennai, Tamil Nadu",https://www.google.com/maps?q=13.122,80.265,,
36,route_36,3,"ERUKKANCHERY",06:25,ok,0.98,canonical_cache,"",13.13,80.26,"ERUKKANCHERY, Chennai, Tamil Nadu",https://www.google.com/maps?q=13.13,80.26,,
36,route_36,4,"KANGACHATHIRAM",06:30,ok,0.98,canonical_cache,"",13.138,80.255,"KANGACHATHIRAM, Chennai, Tamil Nadu",https://www.google.com/maps?q=13.138,80.255,,
36,route_36,5,"KALPANA",06:35,ok,0.98,canonical_cache,"",13.13,80.23,"KALPANA, Chennai, Tamil Nadu",https://www.google.com/maps?q=13.13,80.23,,
36,route_36,6,"PORUR TOLL PLAZA",06:50,ok,0.98,canonical_cache,"",13.032,80.145,"PORUR TOLL PLAZA, Chennai, Tamil Nadu",https://www.google.com/maps?q=13.032,80.145,,
37,route_37,1,"SRIPERUMBUDUR",06:20,ok,0.98,canonical_cache,"",12.97,79.945,"SRIPERUMBUDUR, Chennai, Tamil Nadu",https://www.google.com/maps?q=12.97,79.945,,
37,route_37,2,"IRUNGATTUKOTTAI",06:25,ok,0.98,canonical_cache,"",12.985,79.995,"IRUNGATTUKOTTAI, Chennai, Tamil Nadu",https://www.google.com/maps?q=12.985,79.995,,
37,route_37,3,"PAPPANCHATHIRAM",06:30,ok,0.98,canonical_cache,"",13.01,80.035,"PAPPANCHATHIRAM, Chennai, Tamil Nadu",https://www.google.com/maps?q=13.01,80.035,,
37,route_37,4,"CHEMBARAMBAKKAM",06:35,ok,0.98,canonical_cache,"",13.02,80.065,"CHEMBARAMBAKKAM, Chennai, Tamil Nadu",https://www.google.com/maps?q=13.02,80.065,,
37,route_37,5,"NAZARATHPETTAI",06:40,ok,0.98,canonical_cache,"",13.035,80.085,"NAZARATHPETTAI, Chennai, Tamil Nadu",https://www.google.com/maps?q=13.035,80.085,,
39,route_39,1,"KANCHIPURAM",06:10,ok,0.98,canonical_cache,"",12.834,79.703,"KANCHIPURAM, Chennai, Tamil Nadu",https://www.google.com/maps?q=12.834,79.703,,
39,route_39,2,"WALAJABAD",06:30,ok,0.98,canonical_cache,"",12.795,79.82,"WALAJABAD, Chennai, Tamil Nadu",https://www.google.com/maps?q=12.795,79.82,,
39,route_39,3,"ORAGADAM",06:50,ok,0.98,canonical_cache,"",12.835,79.955,"ORAGADAM, Chennai, Tamil Nadu",https://www.google.com/maps?q=12.835,79.955,,
40,route_40,1,"NATRAJA THEATERE",06:15,ok,0.98,canonical_cache,"",13.088,80.275,"NATRAJA THEATERE, Chennai, Tamil Nadu",https://www.google.com/maps?q=13.088,80.275,,
40,route_40,2,"CHENNAI CORPORATION (RIPON BUILDING)",06:20,ok,0.98,canonical_cache,"",13.083,80.278,"CHENNAI CORPORATION (RIPON BUILDING), Chennai, Tamil Nadu",https://www.google.com/maps?q=13.083,80.278,,
40,route_40,3,"PANTHEON ROAD ( EGMORE RAMADA HOTEL )",06:25,ok,0.98,canonical_cache,"",13.074,80.261,"PANTHEON ROAD ( EGMORE RAMADA HOTEL ), Chennai, Tamil Nadu",https://www.google.com/maps?q=13.074,80.261,,
41,route_41,1,"NATHAMUNI",06:30,ok,0.98,canonical_cache,"",13.103,80.207,"NATHAMUNI, Chennai, Tamil Nadu",https://www.google.com/maps?q=13.103,80.207,,
41,route_41,2,"K4 POLICE STATION",06:35,ok,0.98,canonical_cache,"",13.09,80.215,"K4 POLICE STATION, Chennai, Tamil Nadu",https://www.google.com/maps?q=13.09,80.215,,
41,route_41,3,"18TH MAIN ROAD",06:40,ok,0.98,canonical_cache,"",13.085,80.218,"18TH MAIN ROAD, Chennai, Tamil Nadu",https://www.google.com/maps?q=13.085,80.218,,
42,route_42,1,"VALLAM",06:35,ok,0.98,canonical_cache,"",12.715,79.98,"VALLAM, Chennai, Tamil Nadu",https://www.google.com/maps?q=12.715,79.98,,
42,route_42,2,"CHENGALPATTU (GOVT. HOSPITAL)",06:40,ok,0.98,canonical_cache,"",12.684,79.982,"CHENGALPATTU (GOVT. HOSPITAL), Chennai, Tamil Nadu",https://www.google.com/maps?q=12.684,79.982,,
42,route_42,3,"PARANUR TOLLGATE",06:45,ok,0.98,canonical_cache,"",12.73,80.005,"PARANUR TOLLGATE, Chennai, Tamil Nadu",https://www.google.com/maps?q=12.73,80.005,,
42,route_42,4,"SP KOIL",06:50,ok,0.98,canonical_cache,"",12.748,80.015,"SP KOIL, Chennai, Tamil Nadu",https://www.google.com/maps?q=12.748,80.015,,
43,route_43,1,"RAMAPURAM JUNCTION",06:20,ok,0.98,canonical_cache,"",13.032,80.178,"RAMAPURAM JUNCTION, Chennai, Tamil Nadu",https://www.google.com/maps?q=13.032,80.178,,
43,route_43,2,"DLF",06:30,ok,0.98,canonical_cache,"",13.028,80.172,"DLF, Chennai, Tamil Nadu",https://www.google.com/maps?q=13.028,80.172,,
46,route_46,1,"KALIAMMAN KOIL MAIN ROAD (KOYEMBEDU MARKET)",06:25,ok,0.98,canonical_cache,"",13.065,80.198,"KALIAMMAN KOIL MAIN ROAD (KOYEMBEDU MARKET), Chennai, Tamil Nadu",https://www.google.com/maps?q=13.065,80.198,,
46,route_46,2,"VIRUGAMBAKKAM SIGNAL",06:30,ok,0.98,canonical_cache,"",13.0537,80.2012,"VIRUGAMBAKKAM SIGNAL, Chennai, Tamil Nadu",https://www.google.com/maps?q=13.0537,80.2012,,
46,route_46,3,"GERUGAMBAKKAM",06:40,ok,0.98,canonical_cache,"",13.0038,80.1384,"GERUGAMBAKKAM, Chennai, Tamil Nadu",https://www.google.com/maps?q=13.0038,80.1384,,
47,route_47,1,"IYYAPANTHANGAL BUS STAND",06:35,ok,0.98,canonical_cache,"",13.041,80.138,"IYYAPANTHANGAL BUS STAND, Chennai, Tamil Nadu",https://www.google.com/maps?q=13.041,80.138,,
47,route_47,2,"IYYAPANTHANGAL HYUNDAI SHOWROOM",06:40,ok,0.98,canonical_cache,"",13.042,80.132,"IYYAPANTHANGAL HYUNDAI SHOWROOM, Chennai, Tamil Nadu",https://www.google.com/maps?q=13.042,80.132,,
47,route_47,3,"KATTUPAKKAM",06:45,ok,0.98,canonical_cache,"",13.044,80.125,"KATTUPAKKAM, Chennai, Tamil Nadu",https://www.google.com/maps?q=13.044,80.125,,
47,route_47,4,"KUMMANACHAVADI (DMART)",06:50,ok,0.98,canonical_cache,"",13.048,80.112,"KUMMANACHAVADI (DMART), Chennai, Tamil Nadu",https://www.google.com/maps?q=13.048,80.112,,
48,route_48,1,"THIRUVERKADU ARCH",06:25,ok,0.98,canonical_cache,"",13.065,80.135,"THIRUVERKADU ARCH, Chennai, Tamil Nadu",https://www.google.com/maps?q=13.065,80.135,,
48,route_48,2,"NOLAMBUR",06:35,ok,0.98,canonical_cache,"",13.078,80.165,"NOLAMBUR, Chennai, Tamil Nadu",https://www.google.com/maps?q=13.078,80.165,,
48,route_48,3,"VELAMMAL HALL",06:40,ok,0.98,canonical_cache,"",13.082,80.17,"VELAMMAL HALL, Chennai, Tamil Nadu",https://www.google.com/maps?q=13.082,80.17,,
49,route_49,1,"AMBEDKAR NAGAR",06:30,ok,0.98,canonical_cache,"",13.135,80.215,"AMBEDKAR NAGAR, Chennai, Tamil Nadu",https://www.google.com/maps?q=13.135,80.215,,
49,route_49,2,"RETTERI",06:35,ok,0.98,canonical_cache,"",13.125,80.208,"RETTERI, Chennai, Tamil Nadu",https://www.google.com/maps?q=13.125,80.208,,
49,route_49,3,"VINAYAGAPURAM",06:40,ok,0.98,canonical_cache,"",13.132,80.202,"VINAYAGAPURAM, Chennai, Tamil Nadu",https://www.google.com/maps?q=13.132,80.202,,
50,route_50,1,"GOVARDANAGIRI",06:30,ok,0.98,canonical_cache,"",13.115,80.112,"GOVARDANAGIRI, Chennai, Tamil Nadu",https://www.google.com/maps?q=13.115,80.112,,
51,route_51,1,"CHINTHAMANI",06:25,ok,0.98,canonical_cache,"",13.085,80.222,"CHINTHAMANI, Chennai, Tamil Nadu",https://www.google.com/maps?q=13.085,80.222,,
51,route_51,2,"BLUE STAR",06:30,ok,0.98,canonical_cache,"",13.084,80.218,"BLUE STAR, Chennai, Tamil Nadu",https://www.google.com/maps?q=13.084,80.218,,
51,route_51,3,"SHANTHI COLONY",06:35,ok,0.98,canonical_cache,"",13.083,80.212,"SHANTHI COLONY, Chennai, Tamil Nadu",https://www.google.com/maps?q=13.083,80.212,,
51,route_51,4,"ANNA ARCH",06:40,ok,0.98,canonical_cache,"",13.0754,80.2176,"ANNA ARCH, Chennai, Tamil Nadu",https://www.google.com/maps?q=13.0754,80.2176,,
52,route_52,1,"KK NAGAR DEPOT",06:30,ok,0.98,canonical_cache,"",13.035,80.201,"KK NAGAR DEPOT, Chennai, Tamil Nadu",https://www.google.com/maps?q=13.035,80.201,,
52,route_52,2,"SIVANPARK",06:35,ok,0.98,canonical_cache,"",13.038,80.195,"SIVANPARK, Chennai, Tamil Nadu",https://www.google.com/maps?q=13.038,80.195,,
52,route_52,3,"VALASARAVAKKAM",06:40,ok,0.98,canonical_cache,"",13.0479,80.1751,"VALASARAVAKKAM, Chennai, Tamil Nadu",https://www.google.com/maps?q=13.0479,80.1751,,
53,route_53,1,"COLLECTOR NAGAR",06:40,ok,0.98,canonical_cache,"",13.085,80.185,"COLLECTOR NAGAR, Chennai, Tamil Nadu",https://www.google.com/maps?q=13.085,80.185,,
53,route_53,2,"JJ NAGAR POLICE STATION",06:45,ok,0.98,canonical_cache,"",13.088,80.18,"JJ NAGAR POLICE STATION, Chennai, Tamil Nadu",https://www.google.com/maps?q=13.088,80.18,,
53,route_53,3,"7H BUS DEPOT",06:50,ok,0.98,canonical_cache,"",13.089,80.175,"7H BUS DEPOT, Chennai, Tamil Nadu",https://www.google.com/maps?q=13.089,80.175,,
53,route_53,4,"7M BUS DEPOT",06:55,ok,0.98,canonical_cache,"",13.091,80.172,"7M BUS DEPOT, Chennai, Tamil Nadu",https://www.google.com/maps?q=13.091,80.172,,
54,route_54,1,"VANAGARAM",06:30,ok,0.98,canonical_cache,"",13.058,80.145,"VANAGARAM, Chennai, Tamil Nadu",https://www.google.com/maps?q=13.058,80.145,,
54,route_54,2,"PARIVAKKAM SIGNAL",06:40,ok,0.98,canonical_cache,"",13.052,80.118,"PARIVAKKAM SIGNAL, Chennai, Tamil Nadu",https://www.google.com/maps?q=13.052,80.118,,
54,route_54,3,"POONAMALLEE BYPASS",06:45,ok,0.98,canonical_cache,"",13.048,80.102,"POONAMALLEE BYPASS, Chennai, Tamil Nadu",https://www.google.com/maps?q=13.048,80.102,,
55,route_55,1,"AYAPAKKAM JUNCTION",06:30,ok,0.98,canonical_cache,"",13.102,80.142,"AYAPAKKAM JUNCTION, Chennai, Tamil Nadu",https://www.google.com/maps?q=13.102,80.142,,
55,route_55,3,"DECLATHON",06:45,ok,0.98,canonical_cache,"",13.095,80.158,"DECLATHON, Chennai, Tamil Nadu",https://www.google.com/maps?q=13.095,80.158,,
56,route_56,1,"ICF",06:30,ok,0.98,canonical_cache,"",13.098,80.218,"ICF, Chennai, Tamil Nadu",https://www.google.com/maps?q=13.098,80.218,,
56,route_56,2,"PADI SARAVANA STORES",06:40,ok,0.98,canonical_cache,"",13.097,80.182,"PADI SARAVANA STORES, Chennai, Tamil Nadu",https://www.google.com/maps?q=13.097,80.182,,
56,route_56,3,"AMBATTUR INDUSTRIAL ESTATE",06:50,ok,0.98,canonical_cache,"",13.0906,80.1652,"AMBATTUR INDUSTRIAL ESTATE, Chennai, Tamil Nadu",https://www.google.com/maps?q=13.0906,80.1652,,
56,route_56,4,"AMBATTUR TELEPHONE EXACHANGE",06:55,ok,0.98,canonical_cache,"",13.1098,80.1558,"AMBATTUR TELEPHONE EXACHANGE, Chennai, Tamil Nadu",https://www.google.com/maps?q=13.1098,80.1558,,
58,route_58,1,"AMBATTUR ORAGADAM",06:25,ok,0.98,canonical_cache,"",13.1235,80.1592,"AMBATTUR ORAGADAM, Chennai, Tamil Nadu",https://www.google.com/maps?q=13.1235,80.1592,,
58,route_58,2,"AMBATTUR OT",06:30,ok,0.98,canonical_cache,"",13.1189,80.1506,"AMBATTUR OT, Chennai, Tamil Nadu",https://www.google.com/maps?q=13.1189,80.1506,,
59,route_59,1,"SENTHIL NAGAR",06:30,ok,0.98,canonical_cache,"",13.072,80.175,"SENTHIL NAGAR, Chennai, Tamil Nadu",https://www.google.com/maps?q=13.072,80.175,,
59,route_59,2,"MADURAVOYAL ERIKARAI",06:45,ok,0.98,canonical_cache,"",13.065,80.155,"MADURAVOYAL ERIKARAI, Chennai, Tamil Nadu",https://www.google.com/maps?q=13.065,80.155,,
60,route_60,1,"MUGALIVAKKAM",06:40,ok,0.98,canonical_cache,"",13.018,80.162,"MUGALIVAKKAM, Chennai, Tamil Nadu",https://www.google.com/maps?q=13.018,80.162,,
60,route_60,2,"KOLAPAKKAM",06:45,ok,0.98,canonical_cache,"",13.0084,80.1524,"KOLAPAKKAM, Chennai, Tamil Nadu",https://www.google.com/maps?q=13.0084,80.1524,,
60,route_60,3,"GERUGAMBAKKAM",06:50,ok,0.98,canonical_cache,"",13.0038,80.1384,"GERUGAMBAKKAM, Chennai, Tamil Nadu",https://www.google.com/maps?q=13.0038,80.1384,,
60,route_60,4,"THIRUNEERMALAI",06:55,ok,0.98,canonical_cache,"",12.965,80.115,"THIRUNEERMALAI, Chennai, Tamil Nadu",https://www.google.com/maps?q=12.965,80.115,,
61,route_61,1,"MANGADU",06:40,ok,0.98,canonical_cache,"",13.028,80.12,"MANGADU, Chennai, Tamil Nadu",https://www.google.com/maps?q=13.028,80.12,,
61,route_61,2,"KOVUR",06:50,ok,0.98,canonical_cache,"",13.012,80.115,"KOVUR, Chennai, Tamil Nadu",https://www.google.com/maps?q=13.012,80.115,,
61,route_61,3,"KUNDRATHUR",06:55,ok,0.98,canonical_cache,"",12.998,80.098,"KUNDRATHUR, Chennai, Tamil Nadu",https://www.google.com/maps?q=12.998,80.098,,
61,route_61,4,"DMART",07:00,ok,0.98,canonical_cache,"",12.985,80.092,"DMART, Chennai, Tamil Nadu",https://www.google.com/maps?q=12.985,80.092,,
61,route_61,5,"MADHA COLLEGE",07:05,ok,0.98,canonical_cache,"",12.975,80.085,"MADHA COLLEGE, Chennai, Tamil Nadu",https://www.google.com/maps?q=12.975,80.085,,
61,route_61,6,"THIRUMUDIVAKKAM",07:10,ok,0.98,canonical_cache,"",12.962,80.082,"THIRUMUDIVAKKAM, Chennai, Tamil Nadu",https://www.google.com/maps?q=12.962,80.082,,
63,route_63,1,"CMBT",06:30,ok,0.98,canonical_cache,"",13.0694,80.1948,"CMBT, Chennai, Tamil Nadu",https://www.google.com/maps?q=13.0694,80.1948,,
63,route_63,2,"MMDA",06:35,ok,0.98,canonical_cache,"",13.064,80.208,"MMDA, Chennai, Tamil Nadu",https://www.google.com/maps?q=13.064,80.208,,
63,route_63,3,"VADAPALANI",06:40,ok,0.98,canonical_cache,"",13.0524,80.212,"VADAPALANI, Chennai, Tamil Nadu",https://www.google.com/maps?q=13.0524,80.212,,
66,route_66,1,"THIRUMANGALAM",06:40,ok,0.98,canonical_cache,"",13.085,80.198,"THIRUMANGALAM, Chennai, Tamil Nadu",https://www.google.com/maps?q=13.085,80.198,,
66,route_66,2,"WAVES",06:45,ok,0.98,canonical_cache,"",13.082,80.192,"WAVES, Chennai, Tamil Nadu",https://www.google.com/maps?q=13.082,80.192,,
67,route_67,1,"MADHANANDAPURAM",06:50,ok,0.98,canonical_cache,"",13.025,80.148,"MADHANANDAPURAM, Chennai, Tamil Nadu",https://www.google.com/maps?q=13.025,80.148,,
68,route_68,1,"METHA NAGAR",06:40,ok,0.98,canonical_cache,"",12.982,80.138,"METHA NAGAR, Chennai, Tamil Nadu",https://www.google.com/maps?q=12.982,80.138,,
68,route_68,2,"ANAGAPUTHUR BUS STAND",06:45,ok,0.98,canonical_cache,"",12.972,80.125,"ANAGAPUTHUR BUS STAND, Chennai, Tamil Nadu",https://www.google.com/maps?q=12.972,80.125,,
68,route_68,3,"RETTAI PILLAIYAR KOVIL,PAMMAL",06:50,ok,0.98,canonical_cache,"",12.965,80.132,"RETTAI PILLAIYAR KOVIL,PAMMAL, Chennai, Tamil Nadu",https://www.google.com/maps?q=12.965,80.132,,
69,route_69,1,"MAHINDRA CITY",06:45,ok,0.98,canonical_cache,"",12.735,80.005,"MAHINDRA CITY, Chennai, Tamil Nadu",https://www.google.com/maps?q=12.735,80.005,,
69,route_69,2,"KATTANKOLATHUR",06:50,ok,0.98,canonical_cache,"",12.752,80.022,"KATTANKOLATHUR, Chennai, Tamil Nadu",https://www.google.com/maps?q=12.752,80.022,,
69,route_69,3,"MARAIMALAI NAGAR",07:00,ok,0.98,canonical_cache,"",12.785,80.035,"MARAIMALAI NAGAR, Chennai, Tamil Nadu",https://www.google.com/maps?q=12.785,80.035,,
70,route_70,1,"KAUVERY HOSPITAL",06:55,ok,0.98,canonical_cache,"",12.962,80.148,"KAUVERY HOSPITAL, Chennai, Tamil Nadu",https://www.google.com/maps?q=12.962,80.148,,
70,route_70,2,"CROMPET BUS STAND",07:05,ok,0.98,canonical_cache,"",12.9516,80.1416,"CROMPET BUS STAND, Chennai, Tamil Nadu",https://www.google.com/maps?q=12.9516,80.1416,,
71,route_71,1,"NANGANALLUR J.K MAHAL",06:45,ok,0.98,canonical_cache,"",12.982,80.188,"NANGANALLUR J.K MAHAL, Chennai, Tamil Nadu",https://www.google.com/maps?q=12.982,80.188,,
75,route_75,1,"POTHERI",07:00,ok,0.98,canonical_cache,"",12.748,80.025,"POTHERI, Chennai, Tamil Nadu",https://www.google.com/maps?q=12.748,80.025,,
75,route_75,2,"GUDUVANCHERY",07:10,ok,0.98,canonical_cache,"",12.842,80.062,"GUDUVANCHERY, Chennai, Tamil Nadu",https://www.google.com/maps?q=12.842,80.062,,
75,route_75,3,"KOLAPKKAM",07:20,ok,0.98,canonical_cache,"",12.868,80.125,"KOLAPKKAM, Chennai, Tamil Nadu",https://www.google.com/maps?q=12.868,80.125,,
77,route_77,1,"VARATHARAJAN THEATRE",07:00,ok,0.98,canonical_cache,"",12.925,80.12,"VARATHARAJAN THEATRE, Chennai, Tamil Nadu",https://www.google.com/maps?q=12.925,80.12,,
77,route_77,2,"MAPPEDU",07:10,ok,0.98,canonical_cache,"",12.905,80.135,"MAPPEDU, Chennai, Tamil Nadu",https://www.google.com/maps?q=12.905,80.135,,
79,route_79,1,"MCC COLLEGE",07:00,ok,0.98,canonical_cache,"",12.922,80.124,"MCC COLLEGE, Chennai, Tamil Nadu",https://www.google.com/maps?q=12.922,80.124,,
80,route_80,1,"IRUMBULIYUR",07:00,ok,0.98,canonical_cache,"",12.915,80.108,"IRUMBULIYUR, Chennai, Tamil Nadu",https://www.google.com/maps?q=12.915,80.108,,
80,route_80,2,"SSM NAGAR",07:05,ok,0.98,canonical_cache,"",12.902,80.095,"SSM NAGAR, Chennai, Tamil Nadu",https://www.google.com/maps?q=12.902,80.095,,
80,route_80,3,"NEDUKUNDRAM TVS",07:15,ok,0.98,canonical_cache,"",12.885,80.082,"NEDUKUNDRAM TVS, Chennai, Tamil Nadu",https://www.google.com/maps?q=12.885,80.082,,
81,route_81,1,"MAHALAKSHMI NAGAR",07:00,ok,0.98,canonical_cache,"",12.918,80.135,"MAHALAKSHMI NAGAR, Chennai, Tamil Nadu",https://www.google.com/maps?q=12.918,80.135,,
81,route_81,2,"CAMP ROAD",07:10,ok,0.98,canonical_cache,"",12.912,80.142,"CAMP ROAD, Chennai, Tamil Nadu",https://www.google.com/maps?q=12.912,80.142,,
82,route_82,1,"LAKSHMIPURAM",07:00,ok,0.98,canonical_cache,"",12.932,80.088,"LAKSHMIPURAM, Chennai, Tamil Nadu",https://www.google.com/maps?q=12.932,80.088,,
82,route_82,2,"MUDICHUR (ATTA COMPANY)",07:05,ok,0.98,canonical_cache,"",12.925,80.075,"MUDICHUR (ATTA COMPANY), Chennai, Tamil Nadu",https://www.google.com/maps?q=12.925,80.075,,
85,route_85,1,"VELACHERY RAILWAY STATION-KAIVELI",07:00,ok,0.98,canonical_cache,"",12.9784,80.2185,"VELACHERY RAILWAY STATION-KAIVELI, Chennai, Tamil Nadu",https://www.google.com/maps?q=12.9784,80.2185,,
86,route_86,1,"SEMBAKKAM",07:05,ok,0.98,canonical_cache,"",12.928,80.155,"SEMBAKKAM, Chennai, Tamil Nadu",https://www.google.com/maps?q=12.928,80.155,,
86,route_86,2,"MADAMBAKKAM JUNCTION",07:10,ok,0.98,canonical_cache,"",12.915,80.162,"MADAMBAKKAM JUNCTION, Chennai, Tamil Nadu",https://www.google.com/maps?q=12.915,80.162,,
87,route_87,1,"GOWRIVAKKAM",07:05,ok,0.98,canonical_cache,"",12.924,80.168,"GOWRIVAKKAM, Chennai, Tamil Nadu",https://www.google.com/maps?q=12.924,80.168,,
87,route_87,2,"SANTOSAHPURAM",07:10,ok,0.98,canonical_cache,"",12.918,80.175,"SANTOSAHPURAM, Chennai, Tamil Nadu",https://www.google.com/maps?q=12.918,80.175,,
87,route_87,3,"VIJAYANAGARAM",07:15,ok,0.98,canonical_cache,"",12.912,80.182,"VIJAYANAGARAM, Chennai, Tamil Nadu",https://www.google.com/maps?q=12.912,80.182,,
87,route_87,4,"SBIOA",07:25,ok,0.98,canonical_cache,"",12.905,80.188,"SBIOA, Chennai, Tamil Nadu",https://www.google.com/maps?q=12.905,80.188,,
88,route_88,1,"RAJAKILPAKKAM",07:05,ok,0.98,canonical_cache,"",12.922,80.148,"RAJAKILPAKKAM, Chennai, Tamil Nadu",https://www.google.com/maps?q=12.922,80.148,,
88,route_88,2,"KOZHIPANNAI",07:10,ok,0.98,canonical_cache,"",12.915,80.152,"KOZHIPANNAI, Chennai, Tamil Nadu",https://www.google.com/maps?q=12.915,80.152,,
89,route_89,1,"KAIVELI JUNCTION",06:50,ok,0.98,canonical_cache,"",12.975,80.205,"KAIVELI JUNCTION, Chennai, Tamil Nadu",https://www.google.com/maps?q=12.975,80.205,,
89,route_89,2,"CHITALAPAKKAM",07:05,ok,0.98,canonical_cache,"",12.935,80.172,"CHITALAPAKKAM, Chennai, Tamil Nadu",https://www.google.com/maps?q=12.935,80.172,,
89,route_89,3,"CHITALAPAKKAM KOOT ROAD",07:10,ok,0.98,canonical_cache,"",12.93,80.178,"CHITALAPAKKAM KOOT ROAD, Chennai, Tamil Nadu",https://www.google.com/maps?q=12.93,80.178,,
89,route_89,4,"MEDAVAKKAM MAMBAKKAM JUNCTION",07:15,ok,0.98,canonical_cache,"",12.918,80.19,"MEDAVAKKAM MAMBAKKAM JUNCTION, Chennai, Tamil Nadu",https://www.google.com/maps?q=12.918,80.19,,
90,route_90,1,"BOLLINENI HILLS",07:00,ok,0.98,canonical_cache,"",12.908,80.195,"BOLLINENI HILLS, Chennai, Tamil Nadu",https://www.google.com/maps?q=12.908,80.195,,
93,route_93,1,"PALLIKARANAI JEYACHANDRAN",07:05,ok,0.98,canonical_cache,"",12.942,80.218,"PALLIKARANAI JEYACHANDRAN, Chennai, Tamil Nadu",https://www.google.com/maps?q=12.942,80.218,,
96,route_96,1,"KALMANDAPAM",06:10,ok,0.98,canonical_cache,"",13.11,80.295,"KALMANDAPAM, Chennai, Tamil Nadu",https://www.google.com/maps?q=13.11,80.295,,
96,route_96,2,"BEACH STATION",06:15,ok,0.98,canonical_cache,"",13.092,80.292,"BEACH STATION, Chennai, Tamil Nadu",https://www.google.com/maps?q=13.092,80.292,,
96,route_96,3,"SECRETARIAT",06:20,ok,0.98,canonical_cache,"",13.078,80.288,"SECRETARIAT, Chennai, Tamil Nadu",https://www.google.com/maps?q=13.078,80.288,,
96,route_96,4,"THIRUVANMIYUR JAYANTHI",06:35,ok,0.98,canonical_cache,"",12.9829,80.2591,"THIRUVANMIYUR JAYANTHI, Chennai, Tamil Nadu",https://www.google.com/maps?q=12.9829,80.2591,,
97,route_97,1,"SEMMANCHERI",07:15,ok,0.98,canonical_cache,"",12.875,80.222,"SEMMANCHERI, Chennai, Tamil Nadu",https://www.google.com/maps?q=12.875,80.222,,
97,route_97,2,"NAVALUR",07:20,ok,0.98,canonical_cache,"",12.855,80.228,"NAVALUR, Chennai, Tamil Nadu",https://www.google.com/maps?q=12.855,80.228,,
97,route_97,3,"MARINA MALL",07:25,ok,0.98,canonical_cache,"",12.835,80.231,"MARINA MALL, Chennai, Tamil Nadu",https://www.google.com/maps?q=12.835,80.231,,
98,route_98_ttk_road,1,"TTK ROAD",06:25,ok,0.98,canonical_cache,"",13.042,80.252,"TTK ROAD, Chennai, Tamil Nadu",https://www.google.com/maps?q=13.042,80.252,,
98,route_98_ttk_road,2,"ALWARPET JUNCTION",06:30,ok,0.98,canonical_cache,"",13.038,80.254,"ALWARPET JUNCTION, Chennai, Tamil Nadu",https://www.google.com/maps?q=13.038,80.254,,
98,route_98_ttk_road,3,"ADAMBAKKAM POLICE BOOTH",06:50,ok,0.98,canonical_cache,"",12.99,80.202,"ADAMBAKKAM POLICE BOOTH, Chennai, Tamil Nadu",https://www.google.com/maps?q=12.99,80.202,,
98,route_98_golden_flats,1,"GOLDEN FLATS",06:45,ok,0.98,canonical_cache,"",13.088,80.185,"GOLDEN FLATS, Chennai, Tamil Nadu",https://www.google.com/maps?q=13.088,80.185,,
98,route_98_golden_flats,2,"WAVIN",06:50,ok,0.98,canonical_cache,"",13.092,80.172,"WAVIN, Chennai, Tamil Nadu",https://www.google.com/maps?q=13.092,80.172,,
99,route_99,1,"THILLAI GANGA NAGAR SUBWAY",06:55,ok,0.98,canonical_cache,"",12.995,80.198,"THILLAI GANGA NAGAR SUBWAY, Chennai, Tamil Nadu",https://www.google.com/maps?q=12.995,80.198,,
99,route_99,2,"VANUVAMPET CHURCH",07:00,ok,0.98,canonical_cache,"",12.988,80.195,"VANUVAMPET CHURCH, Chennai, Tamil Nadu",https://www.google.com/maps?q=12.988,80.195,,
100,route_100,1,"KEELKATALAI",06:50,ok,0.98,canonical_cache,"",12.958,80.185,"KEELKATALAI, Chennai, Tamil Nadu",https://www.google.com/maps?q=12.958,80.185,,
100,route_100,2,"KOVILAMBAKKAM",07:00,ok,0.98,canonical_cache,"",12.948,80.188,"KOVILAMBAKKAM, Chennai, Tamil Nadu",https://www.google.com/maps?q=12.948,80.188,,
102,route_102,1,"MOOLAKADAI",06:25,ok,0.98,canonical_cache,"",13.132,80.245,"MOOLAKADAI, Chennai, Tamil Nadu",https://www.google.com/maps?q=13.132,80.245,,
102,route_102,2,"MADHAVARAM ROUNDTANA",06:30,ok,0.98,canonical_cache,"",13.148,80.238,"MADHAVARAM ROUNDTANA, Chennai, Tamil Nadu",https://www.google.com/maps?q=13.148,80.238,,
104,route_104,1,"DAILY THANTHI",06:30,ok,0.98,canonical_cache,"",13.082,80.265,"DAILY THANTHI, Chennai, Tamil Nadu",https://www.google.com/maps?q=13.082,80.265,,
104,route_104,2,"DASAPRAKASH",06:35,ok,0.98,canonical_cache,"",13.081,80.255,"DASAPRAKASH, Chennai, Tamil Nadu",https://www.google.com/maps?q=13.081,80.255,,
104,route_104,3,"ARUMBAKKAM",06:40,ok,0.98,canonical_cache,"",13.068,80.211,"ARUMBAKKAM, Chennai, Tamil Nadu",https://www.google.com/maps?q=13.068,80.211,,
104,route_104,4,"NERKUNDRAM",06:50,ok,0.98,canonical_cache,"",13.068,80.185,"NERKUNDRAM, Chennai, Tamil Nadu",https://www.google.com/maps?q=13.068,80.185,,
105,route_105,1,"THATHANKUPPAM",06:35,ok,0.98,canonical_cache,"",13.105,80.188,"THATHANKUPPAM, Chennai, Tamil Nadu",https://www.google.com/maps?q=13.105,80.188,,
105,route_105,2,"ANNA NAGAR WEST DEPOT",06:40,ok,0.98,canonical_cache,"",13.092,80.198,"ANNA NAGAR WEST DEPOT, Chennai, Tamil Nadu",https://www.google.com/maps?q=13.092,80.198,,
105,route_105,3,"ROHINI THEATRE",06:45,ok,0.98,canonical_cache,"",13.072,80.201,"ROHINI THEATRE, Chennai, Tamil Nadu",https://www.google.com/maps?q=13.072,80.201,,
106,route_106,1,"PORUR BAIKADAI",06:55,ok,0.98,canonical_cache,"",13.035,80.158,"PORUR BAIKADAI, Chennai, Tamil Nadu",https://www.google.com/maps?q=13.035,80.158,,
108,route_108,1,"ALANDUR METRO",06:50,ok,0.98,canonical_cache,"",13.003,80.201,"ALANDUR METRO, Chennai, Tamil Nadu",https://www.google.com/maps?q=13.003,80.201,,
108,route_108,2,"NANGANALLUR PETROL BUNK",07:00,ok,0.98,canonical_cache,"",12.985,80.192,"NANGANALLUR PETROL BUNK, Chennai, Tamil Nadu",https://www.google.com/maps?q=12.985,80.192,,
108,route_108,3,"MEENAMBAKKAM",07:05,ok,0.98,canonical_cache,"",12.978,80.182,"MEENAMBAKKAM, Chennai, Tamil Nadu",https://www.google.com/maps?q=12.978,80.182,,
108,route_108,4,"CHROMPET SARAVANA STORES",07:15,ok,0.98,canonical_cache,"",12.954,80.145,"CHROMPET SARAVANA STORES, Chennai, Tamil Nadu",https://www.google.com/maps?q=12.954,80.145,,
110,route_110,1,"RAJENDRA PRASAD ROAD",07:00,ok,0.98,canonical_cache,"",12.938,80.135,"RAJENDRA PRASAD ROAD, Chennai, Tamil Nadu",https://www.google.com/maps?q=12.938,80.135,,
110,route_110,2,"SELIYUR POLICE STATION",07:10,ok,0.98,canonical_cache,"",12.922,80.142,"SELIYUR POLICE STATION, Chennai, Tamil Nadu",https://www.google.com/maps?q=12.922,80.142,,
